{
  "project_info": {
    "project_number": "450670057366",
    "project_id": "ecoradar1",
    "storage_bucket": "ecoradar1.firebasestorage.app"
  },
  "client": [
    {
      "client_info": {
        "mobilesdk_app_id": "1:450670057366:android:cc26268bbf26c9cd746fb7",
        "android_client_info": {
          "package_name": "com.example.EcoRadar"
        }
      },
      "oauth_client": [],
      "api_key": [
        {
          "current_key": "AIzaSyAcy4DQCKuAx44hbBU6YiU9CWkgVLVgOw0"
        }
      ],
      "services": {
        "appinvite_service": {
          "other_platform_oauth_client": []
        }
      }
    },
    {
      "client_info": {
        "mobilesdk_app_id": "1:450670057366:android:4776df596c1c5df5746fb7",
        "android_client_info": {
          "package_name": "com.example.ecoradartest2"
        }
      },
      "oauth_client": [],
      "api_key": [
        {
          "current_key": "AIzaSyAcy4DQCKuAx44hbBU6YiU9CWkgVLVgOw0"
        }
      ],
      "services": {
        "appinvite_service": {
          "other_platform_oauth_client": []
        }
      }
    }
  ],
  "configuration_version": "1"
}